Longitude,Latitude
44.04779244038609,39.35059740553785
43.82619455298654,39.39255537968529
43.71771683598578,39.551438553735366
43.59471352738161,39.70052014215951
43.42886947659833,39.81699415758429
43.32616448876445,39.96855642197022
43.09798758515226,40.0053074792392
42.86885899150386,39.97016059185303
42.640931516299744,39.929181677801644
42.41867591305216,39.87383657572769
42.19013037604829,39.835588728346394
42.1633339284717,39.71362410370046
42.02305190354003,39.584437202160075
41.80552467744264,39.520865307929775
41.58430698895279,39.4894533068092
41.395382367462126,39.39434733601316
41.24019312526529,39.428518600879094
41.20931524279181,39.603534152008244
41.26225574899951,39.77272999874349
41.36699963508513,39.93193269986949
41.47975247558065,40.081812104727604
41.676299483465435,40.16554890912155
41.91044484486699,40.17388190079255
42.081969565082005,40.29339539207384
42.29441634677064,40.36772663363473
42.489503691487805,40.422119903798894
42.555058200150704,40.58977050252662
42.562405266186225,40.741242041279165
42.35757258557413,40.81604312018052
42.331316069634084,40.984630396509715
42.36531465502897,41.13721260544416
42.54455106626351,41.25489725420874
42.53257185686633,41.41876088810234
42.53906952248163,41.588984993055625
42.411826197017085,41.73236339365623
42.52033304313199,41.80283526003339
42.757833972054954,41.82427346259034
42.99853748573043,41.83751777244234
43.23642358911613,41.866419066625085
43.4386105552748,41.96001969059377
43.54317972048665,42.121715309296484
43.63689657761434,42.287557049170495
43.789578681098746,42.4137287478549
43.86361502411476,42.56007014897995
43.768046268685666,42.68772552599891
43.632552345234785,42.815682229279105
43.41144266665325,42.88935383299208
43.183000676009144,42.9535061596925
43.01241408294204,43.07710951312076
42.80945025200218,43.17176072489792
42.56717089499188,43.17503988150705
42.4132572888653,43.301955601440746
42.44256016562143,43.47824243937166
42.38607239473951,43.6434577007887
42.214454123609706,43.77347697086289
42.123196091110465,43.90105606513415
42.24850032216692,44.05370934404583
42.32542793700118,44.224041030345994
42.33492450464247,44.40092165031049
42.28165165100695,44.53566541006903
42.29772635054479,44.66860130627742
42.13183552546719,44.786513458036694
42.05846120868439,44.9440582075322
41.92217197247056,45.07318446392831
42.09978845886239,45.198685325576314
42.31830758971911,45.266524193671174
42.5573265255722,45.31092659694827
42.684290470811995,45.4641301180128
42.66729094416739,45.63522477721759
42.8298906613298,45.75029000535346
43.03386137347809,45.85526524254931
43.268827946282315,45.89954183505868
43.52638596827013,45.889062443477386
43.78054306184597,45.85931633456593
44.0068060068136,45.89924281444382
44.23112116047361,45.98140494436139
44.282775775950746,46.154860425253176
44.136323378418595,46.293204828021494
44.01160794390373,46.440190469461925
43.90738494920699,46.56834038611083
44.16249005325566,46.57019332131811
44.30767911008495,46.67782148499979
44.27317672916819,46.85608757970327
44.26276890290032,47.03436338945293
44.24605984480214,47.18206589510038
44.35215229587733,47.33391594523866
44.27650825584084,47.50456498789555
44.27455637975823,47.679504903685356
44.17611734950181,47.79964059833693
44.26818624223189,47.967403534349664
44.30692486427958,48.137490531054866
44.177405706747074,48.290009000352946
44.28612005434627,48.42863975140006
44.31937632473944,48.58934369417579
44.304463204348174,48.74615902001022
44.4392117589689,48.9016145230485
44.54436920211201,49.06583769539551
44.67406773846011,49.19178368993177
44.83041836194972,49.318328983512174
44.90974704996332,49.479304098733294
44.78236373422061,49.633825644257065
44.87139990028003,49.800018480589536
45.0617154085164,49.9308374499994
45.20849938357366,50.081766435724596
45.352611006831054,50.23116130889182
45.49978193965229,50.382415025592934
45.62396903761595,50.51585306648586
45.51853848015541,50.67275002174666
45.59082410153208,50.84638976879773
45.734790267797834,50.99943570636991
45.66528133168556,51.14725264761825
45.693314050237184,51.32477289359556
45.78761578500402,51.49225894617004
45.61373608394796,51.59585600382324
45.672757433670654,51.76189661938853
45.54728373450139,51.91978473098
45.4859203363309,52.09163328885129
45.644140357975026,52.1962568674307
45.92966195490714,52.16053122849615
46.16524043954408,52.18165519393781
46.16732270170436,52.31203781091362
45.880577397373266,52.30573145793333
45.62998351696614,52.39722755549618
45.369463841796986,52.4441594377847
45.12044301281904,52.51548351427078
45.0994562134524,52.68350577324944
44.96145805293345,52.83707241868881
44.72119072323303,52.941895429769865
44.49388061385072,53.05745087417636
44.21833977211798,53.0401758041278
43.93080687721216,53.002291478480274
43.644490563100554,53.05334579585481
43.50207679524881,53.17065931211132
43.453627440718726,53.31169486384493
43.1869024687231,53.25771638650481
43.02214582548428,53.121114180690164
42.80460397548469,53.05961255727078
42.52998825966314,53.04289101681903
42.41015358475188,52.88206095483951
42.32521822395769,52.71083255554415
42.17703038430668,52.558769608421905
42.01362524732396,52.41066092313702
41.92932870168034,52.24054264764512
41.713740762140766,52.13087471626934
41.46439110337824,52.190332681709144
41.17918955635573,52.1924937650591
41.02487818233959,52.31909974603935
40.913420350315505,52.4792524671257
40.97288921142883,52.65511878599914
40.97343208031877,52.83166375640153
41.109318251408006,52.979783885263714
41.07318764953769,53.15510811727536
41.12962474094851,53.329656128390155
41.01240044213966,53.47037888416599
40.78723901192076,53.47195622768137
40.6855960545758,53.63737615075089
40.54415790323603,53.58248636944825
40.37712859162636,53.46959221447895
40.0966662444048,53.40951452943661
39.85944488328903,53.47176889927598
39.587692131684314,53.402945369434526
39.32292602709403,53.477897460883725
39.25721256879441,53.652779085049936
39.092098916377445,53.771887939507415
38.95945070586594,53.89558251845814
38.68805179577102,53.957786013222496
38.41434672346418,54.02699858214511
38.17592807347193,53.925717830780656
38.20768645269516,53.75576831950352
38.12012255368709,53.61354956006046
37.825118305909385,53.592725013276386
37.59518501475376,53.50812663964335
37.570599880470596,53.33552503923669
37.57270672076192,53.16364364767921
37.52144922582152,52.99309416484226
37.34668855476096,52.850327020515564
37.075142794248386,52.777749539852834
36.805383923367,52.747389803813846
36.59787080570379,52.61889615162182
36.45897629051504,52.47113189381631
36.243478164090924,52.36718429993198
35.97898514393324,52.38376273577649
35.713163984472274,52.456316468086115
35.4310733637204,52.4953106073375
35.26867708566346,52.63445257364616
34.98607613049745,52.67556528932752
34.97389901020395,52.80197402489428
35.087233653580654,52.95260344137094
35.19421387220132,53.10570164439876
35.016034747666886,53.2280517768983
34.76173067362568,53.317979650820945
34.64861297231707,53.44627405187154
34.765196434614964,53.61069456543228
34.571835377978104,53.73648221989404
34.58264129751824,53.91157540632145
34.78484007338074,54.043622863857024
34.849871689698865,54.21705618406883
34.70314286478904,54.374305433509036
34.433036083629574,54.42975849458793
34.21407251696195,54.33919631892129
33.92682290121359,54.36579044728266
33.63500801196675,54.391193294029605
33.37470160695015,54.352423198253234
33.26122772361376,54.514482991315326
33.22512889170384,54.68981691214823
33.266792514663344,54.86791698041724
33.22912772200643,55.03699034446786
33.08646831832234,55.19338116295606
33.02953237979391,55.369997373429065
33.25302292006602,55.41028383412632
33.27343528888515,55.562382374601334
33.37029138185362,55.719011907373115
33.6382514366104,55.81407473585791
33.707453639384646,55.961631555213195
33.60692644699665,56.13138558710232
33.46758425768796,56.26250121195324
33.21770077168334,56.35656255066182
33.006400577621996,56.4855026056682
32.80886643080021,56.62749962500804
32.507971035842154,56.69358922090176
32.18522489465988,56.72359274025775
31.966782170342324,56.837731856072054
31.98821691431144,57.01604877760426
32.17729415747608,57.16299183924121
32.472778645363285,57.242168155994406
32.74731282562067,57.33002184836199
32.83635030321042,57.5008794242733
32.9349390951072,57.666242948714505
33.14048376300242,57.78288474688505
33.321585221987554,57.916016036516375
33.480665415876494,58.04490154089771
33.77281115039434,58.0024640473266
34.1065318874186,58.0314280402146
34.43225313937177,58.05095324465703
34.75708646550308,58.01554298387114
34.97790907019187,58.12387706207501
35.13316214182904,58.280589778743355
35.02962254501975,58.407528618844665
34.777464843607,58.436747512954724
34.705241291876,58.611546310506796
34.68462293404369,58.775693472376524
34.362829476588246,58.839382491540505
34.028265205819004,58.8870874534998
33.724912006204455,58.941140220865876
33.81617087452858,59.09405311371429
34.10192299447201,59.18220077918907
34.15130264023163,59.35948017050709
34.282256689636256,59.50420000601477
34.55959794103745,59.55069688564625
34.66967629115425,59.69296068455449
34.81698037491442,59.84507321717693
34.86709695126466,60.02274923020889
35.037139121850004,60.178105472486564
35.24008449722066,60.32677203076901
35.568052085433486,60.391366570781834
35.82442273004084,60.331546653336204
36.12394640285946,60.39973412981879
36.140809450887666,60.56283443501865
36.3307024174721,60.70370775731238
36.68697396928587,60.73522397236891
37.01650567147974,60.81328089308215
37.22468261084742,60.94812949996819
37.38107008189752,61.01084744394213
37.49682210739884,60.85369650786037
37.71845776819772,60.71531971700435
37.95743335118473,60.59447271320744
38.276529140088186,60.53800635957188
38.31533320119334,60.36144576802799
38.536547152727444,60.22776230399707
38.74817492605525,60.08754159608718
39.05140319518916,60.09014146948423
39.20826357043208,60.25167274716224
39.470004554734686,60.35611181161573
39.793510267021894,60.42564680911119
39.9751691592574,60.548558370019855
39.97485294166579,60.727868587638774
40.252146310496926,60.78223773686219
40.6062168715437,60.73329689470908
40.94395234871464,60.66351622292013
41.27480286971903,60.59333049393821
41.601932591463964,60.53353610008851
41.504064211824854,60.36100602678792
41.39765247531711,60.18913109950513
41.57767929939969,60.041046266992524
41.913227946835796,59.98767564092639
42.11047303268505,60.13599801861736
42.412955073164746,60.10927264732627
42.71650318412865,60.062165114381116
42.822748934359296,59.9009641253164
42.98298766446491,59.74189600900958
43.061528673477405,59.58504571989299
43.37880238839484,59.61472614045898
43.73273989096947,59.63229483251068
44.03605813749881,59.68422753086625
44.336794468960946,59.70433906933776
44.649055603354114,59.75113639673045
44.86932888644112,59.63401973412674
45.05322058949016,59.480375296404574
45.165744844524085,59.31669837235197
45.35248530939087,59.20118284520904
45.6670487139565,59.24081072271023
45.973520451689566,59.25674263012908
46.18833593484238,59.39698225632592
46.29758643776001,59.5664467029388
46.5290045136695,59.6575784322098
46.883740399942326,59.643443058488565
47.15253373717802,59.56443254037147
47.20125946449457,59.39607387970346
47.29360788630975,59.2257032165018
47.537631998065415,59.24463231736131
47.57450625979119,59.419397035937386
47.74836003861199,59.57045467190409
47.84919197821067,59.737697402635284
48.128629339543764,59.74214594803141
48.44068844780948,59.65523622455509
48.78035633421029,59.60549482671649
49.02991523740313,59.71501021963793
49.37891274318752,59.70753237589721
49.716144615251544,59.74578475316698
49.96354971188688,59.86609897825428
50.139123715935845,59.98068108191215
50.12992100670818,60.158865013605705
50.319594859051335,60.257229399959066
50.59116513853982,60.15657822424784
50.88080014138296,60.115469807654485
51.19033363881401,60.11275893310266
51.40626330454854,59.992179313205334
51.76179536932609,60.00073871955419
52.00231464997613,59.94884274247366
52.19400889194283,60.09021476189001
52.35497496665544,60.25059015831434
52.25665708247115,60.40963283830334
51.93395041693565,60.471937867528965
51.78900332496356,60.62828306397024
51.78333624782194,60.799208483616525
52.11582116307231,60.823919871758235
52.46928203943235,60.84063470453263
52.71308051869692,60.96132519405697
53.021401714034894,61.03337751244253
53.1410724481505,60.89760346328428
53.40443287403904,60.78127941793751
53.75738930582872,60.76277826292891
54.023877624210606,60.86758484951284
54.38678107363001,60.861748038058195
54.72652454082156,60.91440659835528
54.914912302277976,61.062571324612875
55.226263560166096,61.13985889272377
55.561079096313925,61.15890937641581
55.81032622263228,61.26393971739041
56.109032076911525,61.16591801585431
56.37406413202578,61.04905021468094
56.63030904249101,60.92272103279184
56.85181032646183,60.825637581672915
57.134958587095625,60.83089485319901
57.45527435661712,60.752959941323944
57.81022588115936,60.70996256425172
58.175899947150334,60.705063458985286
58.48645359727804,60.79426987740271
58.64569747624816,60.94937633562711
58.60846402691538,61.12803545697365
58.61258516574943,61.304013875148435
58.728398038326816,61.470951237980046
59.003487886215325,61.590637854559084
59.332787319127135,61.63001835142591
59.41498695446416,61.459452251641515
59.28147029821159,61.2965301135488
59.31536528898603,61.11958125617193
59.409772200222065,60.94902591516752
59.44880168871033,60.779226470759006
59.39331580746188,60.602367526345695
59.25102022369676,60.439160069709274
59.14138715230111,60.27153613340237
59.07802756098576,60.096179817337436
59.10211042180993,59.916964834722805
58.995771549513634,59.748304644103314
59.10216086763863,59.59852188213481
59.14463519572379,59.42529698612883
59.07212799720744,59.253521871575145
59.116699567807395,59.08176518705717
59.04160802625528,58.90944819572919
59.128514195583584,58.73638643097157
59.22703252927132,58.5648343669735
59.34374890178035,58.402951518157224
59.409901265003704,58.22831027266126
59.48599191987979,58.05313276330802
59.571914716980025,57.87929715468811
59.62701228964288,57.705740217963466
59.69694945605667,57.53866142846819
59.78861983057297,57.36874771243578
59.89195600593005,57.21686203044937
60.00920528105353,57.074412279817
59.83115591961239,56.924295889823824
59.69993268324891,56.76211650597162
59.75164454636646,56.58536259992443
59.806416232276156,56.41347520851136
59.94735466843788,56.252051668907825
60.24704664138706,56.192117996652904
60.3854725985781,56.0306183124524
60.397728243783604,55.852803610663955
60.27335867142846,55.68724175164215
60.112329485196305,55.53752518535779
59.914887303216574,55.40039986968755
59.86497512732349,55.22784167841833
59.746964318856584,55.066702654519645
59.613234101973745,54.90466626708475
59.47181905421612,54.744861879132635
59.43803135488229,54.56782373792348
59.445333926569525,54.388026422257504
59.392517395580185,54.218252050163045
59.56121658698763,54.09062728138579
59.614315351829234,53.91611194308386
59.82983584052044,53.79314092588492
60.08826630198142,53.836236472851716
60.30155536086682,53.77314548281299
60.20085187458754,53.6044508490253
60.22656405357465,53.42785960272861
60.16185645847577,53.25722640151748
60.03170575945481,53.14021387218679
59.93451605916754,52.97197917063618
60.006740298301466,52.81141927005379
59.93361655312478,52.64303988049128
59.87422791866603,52.4718190158638
60.10332153258257,52.361074004296654
60.113785294128995,52.187584728954086
60.02109378805758,52.020616504749974
60.14196056422323,51.874936544340926
60.42435489451964,51.89702253758557
60.65596477070962,51.83831832275493
60.64380441135604,51.67246620632682
60.87200294970148,51.56581761383302
61.10568141230883,51.460529132229624
61.28824345572558,51.32306823151124
61.369538079711255,51.15273800577648
61.32188169607097,50.978025640020796
61.151151542880086,50.8372685721068
60.9000265171389,50.75612127562658
60.620959713477845,50.726134760575185
60.339968662599404,50.74330425757574
60.09714131756321,50.787286868618054
59.922359331665945,50.64772326855198
59.74415430687768,50.50796674530135
59.47635485550793,50.45545442991708
59.3047203276597,50.361410854368046
59.34210635856226,50.19038848198937
59.32976112532257,50.01530297707946
59.297799329121105,49.83853876922563
59.10540102218739,49.7122020039278
58.98198188179273,49.554555211431584
58.89614202175387,49.397302182421434
58.72864758794222,49.265257761470544
58.7426538079506,49.088400719317
58.784735558709684,48.91728151094727
58.671489108814534,48.75501012141966
58.52660328491181,48.621966739686656
58.46486345612475,48.44707671633546
58.40432307104617,48.272263933499175
58.37933475203094,48.093241952301526
58.38526903932892,47.92153204791729
58.26076981130563,47.77262152614553
58.36391935112679,47.61930689612643
58.3469803705984,47.44055442771704
58.300394448403964,47.26957652161816
58.15831907045004,47.125506785971
58.057999906183184,46.965272853412394
57.91536983967231,46.842673833952674
57.661700943359364,46.80971846244402
57.691015364973374,46.66676999967355
57.76830575362731,46.50143155281118
57.595147463117236,46.41515775325798
57.33983092513914,46.40360076713001
57.085519146079626,46.388295780820926
56.83429830958252,46.40412049928237
56.59468213127497,46.40653217186259
56.36506804820956,46.34871478177097
56.480823869019744,46.25312101325768
56.518438836831116,46.0758625994023
56.64418665009905,45.92371874922273
56.65712147664573,45.78848282064113
56.575504114545204,45.6474097891044
56.33082667115584,45.62865413255639
56.11251041654876,45.70131946006852
55.91536174922022,45.75175627790614
55.69036823259973,45.73358043981306
55.480869624444104,45.648392780758385
55.397507517137775,45.49422554480181
55.56110000788015,45.41630844020015
55.75945120751018,45.35675454687505
55.974286478900204,45.29829812902273
56.21247872888165,45.25556013245217
56.31486735896857,45.13687299694977
56.5615875751644,45.092357985123826
56.70633127569773,44.979962418152624
56.82221833719826,44.820217595859894
56.837018652760335,44.64865018811446
56.66370504247802,44.535385129076026
56.4148391119612,44.51572910901366
56.17192601267822,44.482964066176265
55.937970996128534,44.455488705823136
55.768113200899215,44.36468460225364
55.64677772258517,44.2072752782195
55.59300397831728,44.04111748650703
55.60450647264916,43.878671689522506
55.46413471971832,43.73107919407083
55.42441565719192,43.55362892514018
55.344249977775334,43.39957080413653
55.10323561469512,43.41215374821346
55.07367854539947,43.264332458601416
54.99482648842423,43.09828690142524
54.95283033616932,42.93947654753927
54.89699048163006,42.76787916498263
55.07808469592568,42.66215114432573
55.131196722644894,42.49429365227484
55.03225002166707,42.335591230577435
55.147652341804324,42.22321926834358
55.32203858550021,42.09868519926427
55.280601248080046,41.95211077413719
55.21210038870904,41.77964911444556
55.27640710125133,41.61662236462541
55.381270469602825,41.4628501004801
55.595389706162614,41.39911068525857
55.82545317040667,41.39326445397486
56.02618301634959,41.478921993494616
56.235047850107954,41.46095300808786
56.44302180752869,41.49355631746561
56.58349185247443,41.366777767408514
56.6209062940531,41.1959198085876
56.72100899304003,41.03366150882774
56.95023624358744,41.00076288970604
57.153972374541546,41.073051817960106
57.37360353903958,41.114498037430806
57.57773347220934,41.03621915286489
57.76467401659331,40.987297484561815
57.90751911597971,40.8565526753574
58.047948845171184,40.7263616598779
58.146317447265474,40.58240137568525
58.06383544032097,40.41587987957066
58.23372666788132,40.32323152478422
58.467078593879265,40.344407605034846
58.67929953035719,40.30003164385111
58.90753527131447,40.31919683753514
59.13384292488826,40.27380559040457
59.2783270173134,40.14334141219306
59.474998262637854,40.07768517138177
59.64670473531254,39.95733804832432
59.66406779148044,39.802295415986585
59.581628119123536,39.64460581856211
59.72646429854909,39.58974157015499
59.934038257960786,39.521508466117076
59.85512202939862,39.38804817849804
59.93070090080556,39.25883869148243
59.95097400778165,39.082521069095755
59.95991071099389,38.90334456746528
59.83004201046065,38.78322134596236
59.902885590459576,38.7089164010186
59.95973740718825,38.56613734351691
59.97266444420181,38.38732410538079
59.877865590737855,38.2763304071479
59.96767274170018,38.14375451384086
60.016306522408215,37.97337377722516
60.15751595297586,37.835595419727724
60.26815273533111,37.68446999435309
60.384519262989365,37.53590172976253
60.47190675481809,37.3740259946121
60.42310849838313,37.202374673045604
60.371251777875464,37.02930061545701
60.164482645669125,36.9817948180739
59.9874203521709,36.916614949756145
59.765163781881995,36.9117811605419
59.55867499006804,36.92912372433999
59.33980222798567,36.968764132699505
59.123574669096406,37.01715047395631
58.91351561328806,37.01164160410673
58.69748102131677,37.04319729337001
58.48117604501997,37.00504742484369
58.26353190826593,36.96734176716109
58.05279455840317,37.01740846224616
57.86919886636148,37.11900982587788
57.69247500009763,37.22323288950583
57.471348158281295,37.256185462867606
57.24993774892958,37.247511237925956
57.062187325390155,37.3284054691524
56.84930317141495,37.38325643992707
56.624688278947474,37.38869970496014
56.44125795265516,37.41182814501909
56.34952473036957,37.288041641295116
56.16283819161794,37.20858321010751
55.98235081911575,37.10318959974932
55.80212127949215,37.00853520337158
55.62428410424168,36.91523573010604
55.504313828530535,36.76315031655495
55.302140306919576,36.8213635433018
55.101976071748254,36.758984962557214
54.90871719497881,36.66822413081987
54.70569431390769,36.59987071987514
54.507816220298764,36.52891822735578
54.289738600338126,36.492835075330134
54.07321014401975,36.479477846013054
53.952771764813086,36.33914537218183
53.84010810835021,36.19410358400543
53.65993667860155,36.08911335986902
53.60271821039577,35.9610464957725
53.38534330851846,35.94063196572769
53.29331162481466,35.80531028811951
53.10848164202899,35.78453227024212
52.91675073094419,35.853708034792064
52.7347299732278,35.944666651311046
52.51321249394017,35.94295627209964
52.357820875849136,35.83943640595256
52.16773579183042,35.779420197008065
51.95718951034324,35.82114081407497
51.753175264825806,35.883187264644675
51.644244060266,36.02946535648544
51.469118822965314,36.13600027572045
51.25482519295519,36.159068977375206
51.047711716029326,36.112828575399845
50.8275024930048,36.09937596960338
50.625946896242624,36.15008956466201
50.4414079005156,36.25086593347068
50.279477716345745,36.36947428919513
50.09920529827802,36.46812753539772
49.88315083982767,36.498628837137666
49.673622903000535,36.45154483295884
49.55105823950337,36.320620732508154
49.333069903915494,36.293458638004935
49.15884151172669,36.396393869640335
48.99454925924457,36.50672798037718
48.868027098907966,36.37661593888019
48.76674218029108,36.234425273437445
48.59790446263279,36.11925431979162
48.58184945798498,35.98649199168841
48.66638602763188,35.82369118492887
48.85481790112513,35.73563745718376
48.84036696385479,35.597948723113255
48.63462531652376,35.572733652948656
48.43116299662804,35.55912636816868
48.337652011517726,35.39800117419624
48.26683007663821,35.23320214935911
48.18611549726979,35.067353200389796
48.00491197658507,35.03125852008143
47.79698827499133,35.03002597381418
47.588733792919,35.08278629461217
47.39388264247387,35.05996948849425
47.20575845249767,35.13983612523818
47.13722590063852,35.29582233412773
47.17979875512213,35.46037781136336
47.30663157657159,35.603492445160676
47.176896271644225,35.68594249951282
46.965515520683105,35.651339358213896
46.78137928231548,35.56895315814682
46.6299547377792,35.69278229811481
46.71360187634815,35.84649586475834
46.75800167523748,36.017194467936946
46.81178283066458,36.18459361793478
46.96555739451288,36.304217840576875
47.15648163698906,36.26381586903641
47.29210372053478,36.37944543580159
47.34126212465602,36.53562219945072
47.27407104064347,36.69670107392554
47.08961547668112,36.7537833884212
46.91942996590549,36.83242284938953
46.859587799645475,37.00353883095185
46.79737166163713,37.16542671491246
46.69635262051341,37.30680104359313
46.59867539430124,37.45654480754772
46.4920078998362,37.61326420866983
46.582535924099986,37.74017605940056
46.79898329100211,37.700736485908934
46.95362885769176,37.79249310119802
47.17831490781884,37.76915605584616
47.40437007910102,37.75713668119136
47.628359737263835,37.759611765837576
47.83938298466895,37.82276460773288
47.82817906308343,37.980656695027584
47.78954048410819,38.148543347492705
47.602153156371315,38.20018718870141
47.40631537205706,38.26425117193739
47.19549181371027,38.33244187562983
46.96964947985625,38.363085485150215
46.75470231379453,38.40837678907355
46.54919900865302,38.434312308873416
46.32869333506708,38.47619906837056
46.102059037747225,38.45015967788169
45.90254756745938,38.37558347739504
45.68234640448219,38.32745275162167
45.47366017746393,38.373353716893384
45.251336853437934,38.41017116976478
45.048991970173155,38.32803891536596
44.820994739369034,38.32810025504894
44.601970346885324,38.36728916639745
44.378452960858645,38.37624184318048
44.31589294012885,38.5119070882888
44.284615992242465,38.68899507758643
44.26336805535683,38.85488198913416
44.197902614533525,39.020224730699375
44.145936291377076,39.185336423628094
